Imagen,Glaucoma,Area,Entropia,Ratio,Media,Energia_cD,Media_cD
image_0001.jpg,0,242162,0.00106521549408305,1,33.1356675961055,289387.764426326,0.00449662362794381
image_0002.jpg,0,217448,-0,0.38047531149054,42.7108952468851,188255.497740866,-0.0035845725675542
image_0004.jpg,0,141796,-0,0.153270419785226,32.485702966935,127986.128204033,-0.000472688143679148
image_0005.jpg,1,219685,-0,0.301308467576137,87.263383923758,173612.8625913,0.00162793591506322
image_0008.jpg,0,124571,-0,0.949971100835853,102.425101147075,186007.047892641,-0.00751315347855643
image_0010.jpg,1,232640,0.125326804628346,0.632231048178208,106.404239336902,212902.802401558,0.00428691532682423
image_0013.jpg,0,90135,-0,1,64.2144677020718,193695.641502623,-0.00526842070098467
image_0015.jpg,0,235564,-0,0.7125350587794,75.3522629429767,210013.121646053,0.00198027870087306
image_0018.jpg,0,232788,-0,0.765955332414461,80.6001909757478,204441.580688112,-0.000299162146851144
image_0019.jpg,0,108296,-0,0.71070786469875,73.3639013493092,165101.755540415,-0.00438219944008138
image_0021.jpg,0,129484,-0,0.992321450113028,97.9777248624522,216941.260528471,0.00699889324976329
image_0027.jpg,0,125097,-0,0.968448642500371,122.357961195457,222501.216091678,0.00119166255958749
image_0031.jpg,0,126952,-0,1,38.0343574409702,185707.749701678,0.00147221396951444
image_0032.jpg,1,213137,-0,1,57.2694472839989,291396.474880096,0.000456397026480856
image_0034.jpg,1,118457,-0,0.713203630754763,60.5062184989593,115519.94110814,0.00171751667706041
image_0035.jpg,0,160442,-0,0.765988340499159,102.988949123364,193751.080085774,0.000723978619626388
image_0039.jpg,0,329452,-0,0.995575842696629,99.0246824621397,325330.515815095,-0.0187587381450244
image_0049.jpg,0,148941,0.0241293920597572,0.283613275457658,75.0338020004853,161916.860287524,-0.00165802540320886
image_0050.jpg,0,183019,-0,0.951932304891224,54.7519454666104,189770.664043015,0.0254236022445387
image_0051.jpg,1,207590,-0,0.585611664295875,56.3492354196302,220921.392006787,0.013509428197049
image_0052.jpg,0,138118,-0,0.731771655096245,53.0492120937204,162100.816116059,-0.000426004195444571
image_0053.jpg,0,163049,-0,1,87.9957043955125,225125.403127376,-0.000827736544510235
image_0055.jpg,0,123850,-0,0.790416882460486,78.8061412321151,167753.141232307,-0.0024454656159442
image_0058.jpg,1,137102,-0,0.753308911034533,112.949716970393,210160.020986877,-0.00238686528687587
image_0060.jpg,0,145840,0.34183119898711,0.652121669870915,78.2787970337819,146323.0805538,-0.00333099503599858
image_0063.jpg,0,235054,-0,1,114.319728443377,285661.228651593,-0.000762261223752173
image_0070.jpg,1,143185,0.247062535532305,0.419930123896785,46.847360002245,141496.19514217,-0.00243356386586453
image_0071.jpg,1,269522,0.368012999377706,0.176757351204535,60.4753956469509,134997.492996915,0.00314050703131669
image_0072.jpg,1,186984,0.235265213179458,0.391640650982159,34.0056215334771,128298.356763773,-0.00603094846489526
image_0076.jpg,0,142307,0.444914099566896,0.323907328178634,54.1279559054674,140547.92045702,-0.00254068803880624
image_0077.jpg,0,109750,-0,0.710474320502846,59.539220044703,101451.700133649,0.000150275878246313
image_0079.jpg,1,112367,-0,1,139.724474607059,228004.313675008,0.00590288157135676
image_0080.jpg,0,30168414,0.265872249482121,0.960975770128547,0.710739195646294,21410.1341359348,0.00094172453625281
image_0084.jpg,1,125035,-0,1,53.8200180869409,196916.76303559,-0.00548409381175726
image_0087.jpg,0,302000,0.122784345738061,0.857154264344794,79.1397548592304,272624.153479976,0.00797080095163996
image_0088.jpg,0,153557,-0,0.668242928968526,80.1558672395845,122802.168879805,-0.00383437059618098
image_0090.jpg,1,210816,-0,1,161.892949053072,315802.638669589,0.00392480276525241
image_0091.jpg,1,103460,-0,1,54.1414204236252,156796.224659952,-0.00809266233761104
image_0093.jpg,1,106579,-0,0.68390468791134,61.9206759941184,155054.530351999,0.00236217282579648
image_0097.jpg,0,226905,0.189392141086457,0.260535057802188,18.9097798644638,148909.505331355,-0.00839987939935937
image_0102.jpg,1,285673,-0,0.682603089614273,82.3988673053884,223964.745606348,0.00691314172814282
image_0104.jpg,0,142806,-0,0.175954476649661,55.5893227560688,122459.631059972,0.000480486969979214
image_0105.jpg,0,146854,-0,0.829470628813058,71.8107558478091,237931.908114823,0.00739391946879069
image_0106.jpg,1,129875,0.246595019315555,0.152227483758333,70.4324338939058,117306.073939295,-0.00242231410990238
image_0109.jpg,0,213545,-0,0.993614051905212,87.3346114627533,306478.635856583,-0.0256804639603125
image_0110.jpg,1,139063,-0,0.858573766517154,71.4399927263911,163087.871446463,-0.00178833731154547
image_0111.jpg,0,156830,0.235881189413346,0.445480117632016,65.3442398670247,137355.730781673,-0.000865402234326118
image_0119.jpg,1,99899,0.269609509038376,0.230893763770476,107.258134205901,126685.5511953,-0.000113193115023248
image_0120.jpg,0,187344,-0,0.708644713369654,61.6371063218853,173985.665452116,-0.00358324827605164
image_0121.jpg,1,161733,-0,0.803897350848863,50.2667874132588,196149.517948132,-0.00203517701193235
image_0128.jpg,1,137455,-0,0.732632513770256,71.5159006545861,165678.964826026,-0.00066190910391499
image_0130.jpg,0,182786,-0,0.959792455938066,92.5718168341295,193420.548892827,-0.00225032309102868
image_0139.jpg,0,119758,-0,0.982830905526609,97.2441781792317,208114.692801807,-0.000698741006285834
image_0141.jpg,1,177943,0.244762065421345,0.217732068045853,50.7603453039453,130868.978010021,-0.000469748902037956
image_0142.jpg,0,112363,-0,0.974128909612181,90.1315846507279,167463.566312737,0.000321701862824698
image_0143.jpg,0,143046,0.239829378578898,0.279758481886141,56.429999018219,119228.286446712,0.00116813115815779
image_0146.jpg,1,192601,-0,0.783233804194245,68.2044595765488,240776.737576416,-0.00129539542311729
image_0150.jpg,1,281089,0.100007178404652,0.886132279141587,68.2648906967102,250754.087336677,0.00432372568011257
image_0156.jpg,0,123923,-0,1,103.955689515187,225931.214422272,0.00021892434207942
image_0162.jpg,0,128340,-0,0.942677002019761,116.559522899722,200656.346020594,0.00520486560903875
image_0164.jpg,1,137076,-0,0.947787084943913,126.122315102575,198034.168672457,0.0028943179902099
image_0166.jpg,1,138557,-0,0.740793235509691,66.2090361475024,176615.901748308,0.000831796451788672
image_0167.jpg,1,126701,-0,0.598198568011557,46.5403901260687,163232.023704979,-0.00326754693564835
image_0168.jpg,0,228041,-0,0.464317483244233,54.7620328862193,221829.341290205,-0.0080687726316471
image_0171.jpg,1,147750,-0,0.738864590918078,156.246886136012,172534.60894606,-0.000707566866986279
image_0173.jpg,1,201384,0.02969791232195,0.106612436063351,21.5323979464686,45194.9502209418,-0.00313735658528096
image_0177.jpg,1,135612,-0,0.769011028430691,89.2746346094116,248356.087241529,0.00442753380636287
image_0178.jpg,0,200131,-0,0.731923088496374,56.0095988926669,150075.198794666,-0.00143504769877606
image_0181.jpg,1,319118,-0,0.908295609799095,29.9901813877644,256675.421939321,-0.00586091814322876
image_0183.jpg,0,128674,-0,1,60.9227973005393,182464.272755795,-0.00575742689595717
image_0187.jpg,0,168478,-0,0.993472392431344,94.7475626755611,299235.651992215,-5.50408310044306e-05
image_0188.jpg,1,258884,0.195731262557208,1,49.8678649029996,234662.247751286,0.00233982053123492
image_0189.jpg,1,172584,-0,0.988122860896896,100.432449270558,234567.532556304,-0.0044438457474244
image_0192.jpg,0,94529,-0,0.978210782235038,69.811501710344,182127.764814814,-0.00709354274524777
image_0194.jpg,0,172335,-0,0.774835684596327,117.289211490817,251765.464346479,0.00290518817970637
image_0199.jpg,1,196077,-0,0.983328300021964,54.7154863551505,267874.820286797,-0.00808984235337972
image_0201.jpg,1,253027,-0,0.969425067395076,114.948545497135,244246.069968273,0.00377212254814251
image_0205.jpg,1,148433,0.46519060802545,1,119.92744009016,265256.645349282,0.00315393456325509
image_0207.jpg,1,191648,0.258515751057966,0.334154265353175,79.417029972752,147894.821517452,-0.00927682761989447
image_0208.jpg,0,152377,-0,1,120.658803424986,202616.569909612,0.003964602182273
image_0209.jpg,0,106561,-0,0.952052983634297,81.7053842899823,185789.185956267,-0.000504447914792378
image_0213.jpg,1,132229,-0,0.334747016471052,43.4068903775975,149017.674561798,-0.0037823132771168
image_0216.jpg,1,121147,-0,0.824457876192386,90.6749319659687,203922.538115128,-0.00485126533081271
image_0218.jpg,1,226827,0.239631714115676,0.566820317347753,121.265995922347,223712.249548453,0.00537465953651371
image_0222.jpg,1,144765,-0,0.745241574423783,46.8932301271248,159242.666035823,-0.00077972107230452
image_0227.jpg,1,111121,-0,1,135.838944898474,307327.465521349,0.00786339891324718
image_0228.jpg,0,282837,-0,0.783296264451535,122.291958302837,239180.565960345,0.00138211585156405
image_0232.jpg,1,130660,-0,0.8532668074878,80.8824568431787,277112.538132203,0.00056871035790985
image_0233.jpg,1,134040,-0,0.938505764764857,153.542358489601,274853.816466839,-0.00797738778482995
image_0239.jpg,0,141885,-0,0.858384395072439,71.6960450362074,223253.753157124,0.00750287690707007
image_0240.jpg,1,150066,-0,0.992866956244189,104.950068693709,208057.365712239,-0.00227226307086665
image_0241.jpg,0,204955,-0,0.970742152664125,56.0400770278614,193328.854490108,-0.00810385292952105
image_0242.jpg,0,156872,-0,0.901804394459697,108.91306861819,208822.007984417,0.00249658297203274
image_0243.jpg,1,192611,-0,0.640872416844516,46.9702722398626,151015.1456269,0.00129230736031033
image_0251.jpg,1,154244,-0,0.953541705620404,128.735056074303,256815.441630746,0.0030934410058668
image_0252.jpg,0,63877,0.255676196641451,0.329258831166775,132.561727124468,143284.741847967,0.00218153635372544
image_0254.jpg,1,165204,0.264492052081961,0.204151997086318,94.9572720650722,150856.293746643,-0.00263216330107128
image_0255.jpg,1,89840,-0,0.707568938338169,40.509142278373,164502.167214368,-0.00290059626376314
image_0259.jpg,1,205840,-0,0.664012754380662,88.4621659044592,136362.114292762,-0.00163399877856327
image_0260.jpg,0,105812,-0,1,72.960194008949,183441.280078897,-0.00118387405968812
image_0262.jpg,1,128286,-0,0.890349051229239,47.2887122573294,187132.469703835,0.000593249147414139
image_0264.jpg,1,135080,-0,0.707653278271787,128.235154653081,157646.752274859,1.35194735177579e-06
image_0267.jpg,1,138973,-0,0.800077964829199,68.290577806012,164753.73606241,-0.00114662922788749
image_0268.jpg,1,214293,-0,0.620202890676958,31.3856327922291,165328.905958581,-0.00127621668614724
image_0270.jpg,0,123623,-0,0.966275891667231,105.204801111337,246388.52005893,0.00842932414271794
image_0272.jpg,1,89958150,-0,0.932777754156214,17.6253356057696,268748.36862636,0.00138876423918855
image_0277.jpg,1,157286,-0,0.937776307759677,133.492283181388,223607.849277155,-0.00542411257157445
image_0278.jpg,1,763515978,0.121286289644805,0.714543189110676,24.4013504641152,1401.95021860966,-4.21293737333736e-05
image_0279.jpg,0,96201,-0,0.988649326945015,60.164121321013,184780.746933632,-0.00196607565449585
image_0283.jpg,0,128605,-0,0.694826565392021,70.8206339977704,142075.622429121,0.000832332292255434
image_0284.jpg,1,162138,-0,0.743915983336241,124.59826452823,157178.954021301,0.00243386787665672
image_0285.jpg,1,276173,-0,0.853500265529859,69.5123926059028,224923.140893382,-0.00215100658707552
image_0286.jpg,0,90637,-0,1,93.8034174287334,171115.064134144,0.00396811983426325
image_0289.jpg,0,193398,0.146681350314041,0.383262041257582,108.015083081689,147859.460303094,-1.52279665829011e-05
image_0295.jpg,1,195848,-0,0.775357385976855,83.8537494177923,212386.168301492,-0.00897680482256782
image_0299.jpg,0,116557,-0,1,88.892266077836,218395.783109945,-0.00442069769103404
image_0301.jpg,0,227718,0.236556585493609,0.610084307524248,47.8679138072291,163987.358368029,0.000855025252524252
image_0305.jpg,1,148585,0.312600420532856,0.225502813057979,65.2699592359263,91878.5373810523,0.000356743160841398
image_0307.jpg,1,173689,-0,0.950754160593838,122.518852320103,312647.373292314,0.00115142557981316
image_0310.jpg,0,175307,0.32073272681128,0.207155280621865,69.651140145375,110918.189022261,0.0017053502979053
image_0311.jpg,1,168433,-0,0.767380491437081,32.0197051377513,183998.809105071,0.000959584454007573
image_0324.jpg,0,157180,-0,0.943142699921938,120.152195334195,202544.436224119,0.00106103729675723
image_0325.jpg,0,116162,-0,0.972860442677115,77.4448407941288,184656.767460537,0.00427014601187774
image_0328.jpg,1,226625,0.11726307379047,0.419502922292282,82.123697818583,183822.511900916,0.00318969585223093
image_0329.jpg,1,154414,-0,0.752550637488799,95.7251952494235,183693.833488459,-0.00010191159891682
image_0331.jpg,1,139697,0.166848043199141,0.161475039287021,66.0556117652968,108533.284422258,-0.0015285641378908
image_0338.jpg,1,152414,-0,0.0473692133566016,36.566559498215,31374.0594898679,0.00174235771663747
image_0342.jpg,1,238048,0.0249960888729232,0.71556715769586,46.6334529628333,182676.997571087,0.0140919652967765
image_0354.jpg,0,149376,-0,0.800438377095252,53.1533455812135,215001.952417481,-0.0101877060321728
image_0358.jpg,0,175297,-0,0.765148304237607,88.0416923236863,135077.935315214,0.0015500729575356
image_0361.jpg,1,180853,0.291374180966193,0.293938048184745,71.8446874653048,144088.445213384,-0.0049376914215317
image_0362.jpg,1,111763,-0,1,104.329874039452,200864.427456626,-0.000195940962309129
image_0363.jpg,1,100637,-0,0.908781850617658,53.3277566281441,172567.217353278,0.00772332597885333
image_0367.jpg,1,238260,-0,0.952746872706722,131.21838755662,250812.893291951,-0.00603336114768557
image_0369.jpg,0,187486,-0,0.582894151328805,69.6649546163703,138466.564906149,0.00106343525043505
image_0371.jpg,1,165103,-0,0.957250819905889,100.06228840317,283770.497532271,-0.00716962873613415
image_0372.jpg,1,144332,-0,0.404755529373962,78.363159252786,157355.310844584,0.00514214763938449
image_0374.jpg,0,44032413,-0,0.937474943472474,1.66454239968373,37166.1664063573,-0.000571831263842618
image_0378.jpg,1,287516,-0,0.870607179408364,86.8810091829642,254639.403956894,-0.000849905373031077
image_0381.jpg,1,173905,-0,0.77669467513036,108.868755682212,187865.5777204,0.00130281016695254
image_0386.jpg,0,188291,-0,0.530893440982185,88.9463794547867,279730.861578173,0.000399314511947962
image_0388.jpg,0,96802,-0,0.988853310778154,72.4103884726921,163846.781114565,-4.39838145709199e-05
image_0397.jpg,1,250104,-0,0.897462706428372,97.9327289959726,339214.84701326,0.00330720315670808
image_0403.jpg,1,125288,-0,0.969124589318353,178.035769950999,272334.880056756,0.000791976831146462
image_0404.jpg,0,117582,-0,0.71249026473963,148.751692894895,160036.563434433,0.00301604030624069
image_0414.jpg,0,148912,-0,1,78.0199014353809,216577.079704995,0.0135255507411107
image_0415.jpg,1,189732,-0,0.414209384753743,68.729323387822,178317.731967407,-0.00445797778121112
image_0416.jpg,1,130773,-0,0.902687104545575,80.8447886056178,224499.430246915,-0.00132834187994148
image_0417.jpg,0,110072,-0,1,143.596124644716,258663.320765077,-0.00643683712763456
image_0419.jpg,0,126960,-0,1,89.7566595929233,229017.306394418,-0.00567367503235209
image_0425.jpg,1,174179,-0,0.344757812526391,117.17714360996,179098.824666889,-0.00512008242842508
image_0430.jpg,1,70528287,-0,0.979640498899486,1.91612486575915,118226.026256691,0.00656841548139903
image_0433.jpg,0,217495,0.443910770777982,0.186518498802236,68.3633004812355,91747.8005622827,0.000280954304867357
image_0435.jpg,0,99679,-0,1,71.8691985653907,196396.421803635,0.0110676876244011
image_0439.jpg,1,208745,0.24612257019274,0.32979378566411,75.289133091483,131720.101425513,-0.00480765180611765
image_0444.jpg,0,154044,0.0403499935542667,0.229580775165535,80.9989127108657,103198.11208926,-0.000779537263970297
image_0445.jpg,1,127577,-0,0.71871923337782,92.666790644759,183723.577065953,0.00158451241359297
image_0446.jpg,0,104832,-0,0.989451628274336,51.6084243369735,204239.631408837,-0.0121452843926866
image_0452.jpg,0,179620,-0,0.855011470258262,64.5722682086861,191136.122500748,-0.00998768083729204
image_0453.jpg,1,69886,0.307096136268627,0.473619929912217,143.611685923459,208095.916096659,0.00198017249998917
image_0454.jpg,0,135641,0.298104916752677,0.373815669770641,70.5856674777927,175611.622511649,0.00154548620561426
image_0456.jpg,1,186411,0.0447657879651149,1,123.655117813384,260014.108192231,-0.00359230772335432
image_0458.jpg,1,145452,-0,0.544353815479427,71.0311867215619,156235.470308681,-0.000534983380457176
image_0461.jpg,1,119277,-0,0.931360858548219,123.882006948187,239301.260078496,-0.00333782323733784
image_0466.jpg,1,164871,-0,0.966640566516663,149.315318493534,236809.005815303,-0.000685498396450721
image_0469.jpg,1,124059,-0,1,47.6397792342939,218937.434171312,0.00159410647200355
image_0472.jpg,0,135544,-0,1,77.7557060576262,249519.562013199,0.00902126954254097
image_0473.jpg,0,120613,-0,0.181371187741967,80.9942429312838,130476.665869341,-0.00152424901002943
image_0474.jpg,0,120156,-0,1,123.082114432608,216495.408875405,-0.00954509529902671
image_0477.jpg,1,70907,0.257073216550755,0.312113167751555,142.411629513801,209257.100152061,0.00556634036903346
image_0478.jpg,1,218423,-0,0.973429529892928,83.6581085428059,244147.517609707,0.00377865603961591
image_0480.jpg,0,122370,-0,0.934156005040689,77.0016499711655,241625.258536876,0.00248978605125531
image_0485.jpg,1,109966,-0,0.982949539937353,74.5977510767424,193142.740699842,0.000902094849960906
image_0489.jpg,1,170035,-0,0.461599273164918,27.1587650883175,126370.259182082,-0.000575963264894452
image_0490.jpg,1,146854,0.0826333690547505,0.538414124672977,49.081889407865,132434.905836416,0.00131409225157867
image_0495.jpg,0,149929,-0,0.742290696056464,126.514977185162,188963.341585483,-0.00288801964509451
image_0498.jpg,0,243570,0.152663770662766,0.732546872229621,53.8949575500678,210941.434710424,-0.00412108471283899
image_0502.jpg,0,115092,-0,0.809845414978238,83.1490569813397,213097.72917931,-0.0107559929389055
image_0509.jpg,1,109362,-0,1,114.990670807295,245375.041277699,0.00896611567184893
image_0512.jpg,1,178203,0.0262168503154339,0.708744310093571,64.7475791522954,180718.982266293,-0.00095372196178165
image_0516.jpg,0,147647,-0,0.716634175091808,74.1345967266627,134509.679942741,0.000674304610624247
image_0519.jpg,1,99436,-0,0.581257499227624,133.129256148469,170406.681049053,-0.00455884372640739
image_0522.jpg,1,160193,0.00140387707986908,0.335385983925428,46.6575727772175,151683.45430998,-0.00194500440287104
image_0527.jpg,1,158794,0.334233206749864,0.142579495426801,50.8639261098371,99848.2166900901,-0.0029963607802133
image_0528.jpg,1,159426,-0,0.794850733086027,169.080352411235,289549.483853228,-0.00711463843791963
image_0531.jpg,1,238940,-0,0.886270125787485,112.267314166117,249027.53511387,-0.0163619727597674
image_0532.jpg,1,112180,-0,0.752460479503136,74.1915383957062,191307.273321936,-0.00916450821658406
image_0537.jpg,0,94429,-0,1,93.1198644176989,177978.48207508,0.00114528713580431
image_0541.jpg,0,103660,-0,0.860772951996172,87.9754864175217,151847.102468158,-0.00112785685676938
image_0542.jpg,0,88772,-0,0.976826231322634,72.6130249646437,188344.784515195,0.00199429092729144
image_0550.jpg,1,106579,-0,0.902572052263596,58.6508526052707,168650.827150396,0.000172559447744169
image_0556.jpg,1,68171123,-0,1,0.358080667802692,86298.4538518652,-0.00211412588535628
image_0557.jpg,0,195242,0.093428361634333,0.769029262354446,41.251398398455,196955.504222166,-0.00027453637876165
image_0558.jpg,0,127816,-0,1,110.512751007218,246499.453182284,0.000380993112549759
image_0564.jpg,1,81573,0.161854525396308,0.347807835245021,122.050695739138,260120.441699368,-0.00149856082685501
image_0569.jpg,1,152384135,0.330578331921119,0.905553165101622,9.79638766697743,141412.045897084,-0.00729497700485455
image_0571.jpg,1,200338,-0,0.678699095815518,47.5008411018434,184627.550671296,0.000132196803405682
image_0578.jpg,0,126534,-0,0.723063856155383,82.1756605164475,151928.883355321,-0.002040800102601
image_0580.jpg,0,110836,-0,1,69.8823116096952,215304.331899313,0.0127615074138714
image_0581.jpg,0,232806,-0,0.804433873898762,89.4716127612001,236095.348879413,0.00325234986216237
image_0586.jpg,1,121130,-0,1,57.8943080492122,170742.098985134,8.97000202656996e-05
image_0587.jpg,1,178830,-0,0.812198352302063,68.0306025097088,207368.840465767,-0.00652735549061911
image_0592.jpg,1,163156,0.413654273152869,0.711701289750911,81.7449788323324,204082.697610794,-0.00381047797249047
image_0594.jpg,0,180323,-0,0.992733124700694,105.646707353744,198233.566205812,0.00150119644217391
image_0601.jpg,1,114427,-0,0.991296536822811,100.930153797599,166705.896169387,-0.00435527792267983
image_0604.jpg,1,121977,-0,0.868160847557928,59.5201691438815,190550.779273793,0.0001234722288739
image_0606.jpg,0,135373,-0,1,105.972652740056,235086.687975596,-0.00312873101808288
image_0607.jpg,0,109661,-0,0.703878896579599,102.749040064669,169795.672366325,0.000336646694332379
image_0610.jpg,0,132883,-0,0.521302767073781,89.8230248405286,198045.175807542,0.0167766509273164
image_0615.jpg,1,185990,0.0964975587208702,0.751670498828762,62.5503200664961,188562.274899554,-0.000879092319432422
image_0618.jpg,0,131991,-0,0.610871440897325,66.9492291859413,175905.318985735,0.00200404521433679
image_0619.jpg,0,206492,0.0246414607372303,0.0661494776141121,46.8913914813609,34884.9512513266,0.000539423899728572
image_0620.jpg,0,173977,0.232999187226947,0.117135408255082,47.478104884295,130950.260139333,-0.00267499310897993
image_0623.jpg,1,185281,-0,0.834913120721033,63.5543049657683,240714.461911383,0.00189352700384261
image_0625.jpg,1,141004,0.505862266731526,0.0555130264544953,55.702344756873,60771.3362027012,-0.00350107689326306
image_0629.jpg,0,253369,0.152275824503379,0.887463935829555,63.1746417361529,235695.815076601,0.00243078333633402
image_0631.jpg,1,95839,-0,0.977633276640666,158.596555920474,193409.513850466,-0.000676863758850506
image_0632.jpg,0,109327519,-0,0.720793101842641,23.8390343888298,186535.35068483,0.000591742692308344
image_0634.jpg,1,125672,-0,1,87.4619607174993,223925.28393945,0.00974226691567212
image_0635.jpg,1,152079,-0,0.747615536697959,130.992969883677,199421.996709517,-0.00365207634964978
image_0637.jpg,0,178663,-0,1,98.0949372291576,276253.175785699,-0.00527169222179305
image_0640.jpg,0,201880,-0,0.60562525796522,68.7094727315222,145836.472550464,-0.00558188363405992
image_0643.jpg,0,139529,-0,1,95.3456661429377,185442.571093846,-0.00395094784331108
image_0644.jpg,0,146856,-0,0.747490557539921,99.1932237249892,198160.092722212,0.00082279279839752
image_0646.jpg,1,167187,-0,1,50.4441006452232,199953.066507831,-0.00440278657567206
image_0647.jpg,0,107855,-0,0.990790165113256,125.653504162403,193676.875223236,0.00452658476228343
image_0649.jpg,0,147515,-0,0.834861995953956,115.883334355062,149770.99433839,0.00114812141042026
image_0650.jpg,1,146737,0.0709708075847074,0.346952028107783,52.3920803313875,131347.341440337,-0.00170820595174089
image_0651.jpg,1,77477589,-0,1,15.247708596178,164076.72430225,0.00441399787473198
image_0654.jpg,1,142192,-0,0.474289866933834,54.311985832616,156716.696379819,-0.00409007725415848
image_0659.jpg,0,86644127,-0,1,88.9454190361074,244611.328463046,0.00982090971687325
image_0662.jpg,0,215817,-0,0.983122285947635,93.3612866294523,260924.252450065,0.00192077866901168
image_0664.jpg,0,288714,0.00260577719281297,0.944324514108327,87.7996502900924,361809.072966228,0.0108301736684545
image_0665.jpg,0,140701,-0,0.741209485484043,70.6827092393649,226269.032522259,0.000826416499356572
image_0667.jpg,0,180364369,-0,0.0551704568486765,62.6346145113776,118582.633648858,-0.00735398872822226
image_0669.jpg,0,102366634,-0,0.99100310237849,69.9782573062991,311677.285903819,0.00781353476234952
image_0677.jpg,0,142222,-0,1,50.3083023806997,215818.66214858,0.00896144972339971
image_0680.jpg,1,112853,-0,0.962391253665779,128.145140311913,216673.61111612,0.00706638051361631
image_0683.jpg,0,174780,0.234444389371681,0.115949346752122,41.0332677312188,111859.022613326,-3.34230636523146e-05
image_0684.jpg,0,112976,-0,0.991192907165932,78.4983376170153,186943.422793527,-0.00252051003104896
image_0691.jpg,0,110332,-0,1,86.9750070865847,246607.840081756,0.00630274960159639
image_0695.jpg,1,66616,0.253684117112819,0.0799192836060982,75.6784988051593,107076.58920671,-0.00500417846761726
image_0698.jpg,1,102815,-0,1,97.3977643099431,181802.155133335,0.0062242383663565
image_0699.jpg,1,143281,-0,1,93.0646212911812,247997.537639481,0.000582994003248089
image_0702.jpg,1,172783,-0,0.994006082299865,84.920110558053,218222.734064364,0.000740995660587946
image_0704.jpg,0,146637,-0,0.977995327935754,82.6930416264037,184223.886333184,-0.00408291796815816
image_0705.jpg,1,98671,0.195571501159644,0.334112301851973,112.862859750563,154702.53820186,0.00438900873604111
image_0707.jpg,0,121247,-0,0.969661356315835,88.3095564551232,280252.264511731,-0.00107965566112295
image_0708.jpg,0,101724,-0,1,95.866003151583,231570.585470575,0.000497926536390826
image_0709.jpg,1,154194,0.182290232671394,0.103944481298158,43.7882961980203,73946.7092159197,0.000774840123390835
image_0710.jpg,1,255150,-0,0.988693002417304,76.5682317462067,307507.764007397,-0.00189990600360699
image_0713.jpg,0,123194,-0,1,92.8429452487259,197719.071748406,-0.00984078308555283
image_0716.jpg,1,152417,-0,0.738647755195293,113.195334610883,204218.420011797,0.000873727395239965
image_0717.jpg,0,409031,-0,0.765371727363111,47.2920401124326,309268.783100316,-8.69399926971249e-05
image_0722.jpg,1,211087,-0,0.90848219600821,55.102809301794,264441.602489834,-0.00682330171113923
image_0723.jpg,1,257072,-0,0.0907687376880023,53.9811176948813,113648.929251021,-0.00273184364647389
image_0724.jpg,0,140799,-0,0.885061525008575,68.801047398654,222189.137556209,0.00520743425423156
image_0725.jpg,0,154342,-0,0.990103331899978,85.1811631028237,185817.009104168,-0.0104755878755062
image_0729.jpg,0,175556,-0,0.886576720786645,92.3746341184542,231877.294034255,-0.00184237587239302
image_0736.jpg,0,72569,0.143207494379744,0.150624845376679,71.3874896076106,85937.5654743802,0.00190616964739092
image_0737.jpg,0,161393,-0,0.805698159529906,72.5278432795211,200992.050355266,0.00620640782614958
image_0740.jpg,1,320856,-0,0.877711154598826,143.388897064579,204351.877828772,-0.00508784633140272
image_0741.jpg,1,85781,-0,0.988829004605937,53.680719037871,170154.101361446,0.000365942896802832
image_0744.jpg,1,167665,-0,0.819972278225806,71.6200730846774,195569.214816088,0.00768091207319786
image_0746.jpg,1,186116,-0,0.429971807252341,107.504612376724,196229.203904048,-0.000676764642323219
image_0749.jpg,1,227180,0.253675148217895,0.846133116567561,84.3109675823253,218190.554668861,0.00606374625464983
image_0751.jpg,0,73781,0.277167989478401,0.626497221719518,171.5663536493,201444.484808083,-0.00298833716738037
image_0752.jpg,0,128807,-0,0.991865234581474,84.8733904898831,225862.510117179,0.00802736106636196
image_0757.jpg,1,158894,-0,0.716354750025456,131.407803685979,321434.9861871,-0.00293275904251283
image_0765.jpg,0,144503,-0,0.985011673600369,122.684466905583,196707.533691185,0.00810072872388573
image_0768.jpg,1,154451,0.00118841346961008,0.813062843395429,108.94729347508,212515.025659888,-0.00389539593119595
image_0777.jpg,0,124887,-0,0.728809399996494,120.307141730305,180425.187418456,-0.00288257879343922
image_0778.jpg,0,166348,-0,0.500568304497142,56.1127768702107,274483.669741289,-0.00587153990249094
image_0781.jpg,0,148399967,0.0553446572509958,1,9.60456273108548,389982.407772758,0.00616496013556085
image_0787.jpg,1,202849,-0,0.740341361785097,88.8814487833605,176074.118305905,0.0024905031209342
image_0789.jpg,1,163387,-0,0.962405029574541,108.297880526465,255339.47063237,-0.00296690923842478
image_0790.jpg,0,157820,-0,0.827951522392613,81.8987105261485,228307.326148312,0.00837065445534875
image_0794.jpg,0,102213,-0,1,93.9151829871414,187487.158243707,0.00413604794630325
image_0796.jpg,1,160108,0.138104539039938,0.399714757543912,96.4032177350748,122555.205277324,-0.000429089244439584
image_0799.jpg,0,104340,-0,0.951277246934407,95.1663454934621,198522.533516891,0.00114019156055851
image_0801.jpg,1,161103,-0,0.753572351977937,62.0594501422046,129926.278655906,0.0023096792397374
image_0803.jpg,0,182571,0.0402560769675503,0.89581155864588,31.3575522867548,187163.524200543,0.00322786591552354
image_0807.jpg,1,275173,0.242991667191944,0.371324138427743,46.3162075517804,199829.08292007,-0.00601007049051085
image_0808.jpg,0,156436,-0,0.754058507333676,102.488916200715,176213.742363183,0.000312701964822226
image_0809.jpg,0,118089,-0,1,85.9439924016479,210164.441157481,0.00280241830436772
image_0810.jpg,1,162507,-0,0.938588714939498,126.882932909735,222336.283332242,-7.08337359485107e-06
image_0813.jpg,1,145213,-0,1,95.8171706622359,262239.720599748,0.00461584142997156
image_0815.jpg,0,114266,-0,0.964982919226788,89.8726151232149,183585.924865599,0.00602971119900231
image_0819.jpg,0,294819,0.295475967588321,0.483354673495519,104.250057890866,190764.15651586,0.00437565954178074
image_0821.jpg,1,136841,-0,0.983555341249272,96.9563568601451,252394.436158659,0.00462015721498387
image_0825.jpg,1,135299,-0,1,149.839336296962,249097.350251729,-0.00458910102175078
image_0828.jpg,1,102358,-0,1,55.4701733514616,158734.173614793,0.000724195371347301
image_0833.jpg,0,115615,-0,1,121.484223041256,186827.312466022,0.000960995258244913
image_0835.jpg,1,128460,-0,0.713222222829981,81.1452951247395,152328.800034837,-5.94488001341703e-05
image_0837.jpg,1,178015,-0,0.909437194311087,51.5186343453468,160252.68882459,0.00260690243527753
image_0839.jpg,1,234489,-0,1,52.4763685588098,228689.616840195,0.000399066655684319
image_0841.jpg,0,41353547,0.265138605076337,1,20.7087273871794,201852.860390771,-0.000643592351828268
image_0844.jpg,0,150540,-0,0.992851004529091,162.891464405992,236179.146055926,0.00251748918355488
image_0846.jpg,0,91583,-0,1,122.872190056404,196019.373048126,0.000305993220015752
image_0860.jpg,1,182651,-0,1,49.1835379728051,236740.318582337,0.00294256901095852
image_0862.jpg,1,176761,-0,1,47.244331378016,238306.462897026,-0.00838005772147845
image_0863.jpg,0,183984,-0,0.897341863202406,38.5390328697851,174988.530126401,-0.00573663609313521
image_0866.jpg,0,157014,-0,0.756285346201716,68.3545254055943,157484.779083964,-0.00479126609276496
image_0867.jpg,0,216884,-0,0.926586493987049,126.639167437558,235936.38162813,-0.00120887448619235
image_0870.jpg,1,138601,-0,0.735853742599951,151.615248155056,154910.374993004,0.00271131886823332
image_0874.jpg,1,207128,0.0502355392341299,1,51.9827068106473,216253.17643756,0.00314417919215925
image_0876.jpg,1,151294,-0,0.994133267742538,77.1681037427748,187701.661148612,-0.00141492455118589
image_0877.jpg,1,91664,0.410083768045722,0.215699713961898,125.57522802094,138511.123773591,0.000981221747880145
image_0878.jpg,1,139896,-0,0.976662232722508,116.224602434037,223788.977998214,0.00413312261527995
image_0881.jpg,0,126426,0.321069071708414,0.287297730773506,97.2486462452162,91755.7113601895,0.00253683485528196
image_0882.jpg,1,146731,-0,0.652275990028453,121.970733198928,134505.567842115,0.00018566219093123
image_0888.jpg,0,222654,-0,1,70.519413205581,288247.072300314,-0.014325684101251
image_0889.jpg,1,175745,0.235950617405236,0.562813553511228,69.7489914862008,188153.149698375,-0.0104597453719627
image_0890.jpg,0,148099,-0,0.789349220898258,53.6519110907424,194843.669923009,0.0173987419756559
image_0892.jpg,0,145671,-0,0.391106685437627,98.1927205301652,142499.080934141,-0.00371334275721746
image_0896.jpg,1,148642,0.234040485925457,0.334943856618441,73.4149481753401,154403.378097726,-0.00699409072823727
image_0898.jpg,1,202264,-0,0.610586658725432,100.863445503276,183466.004635137,-0.00370142780696712
image_0903.jpg,1,237539,-0,0.968849445324881,64.7079725303751,214679.390349578,0.0027134136913844
image_0917.jpg,1,204057,-0,0.783526285431773,47.1680296912766,233565.439846045,-0.00389131042593726
image_0920.jpg,1,245963,-0,0.312722074739637,19.4694506840923,143754.391267028,-0.00483364256105161
image_0921.jpg,0,295102,0.0839196023650824,0.671989494954993,36.6360450954911,190067.693673536,-0.00123918986698272
image_0923.jpg,0,122721,-0,0.757857512037213,109.033383205027,202064.197178209,0.00701299464767764
image_0924.jpg,0,119556,-0,1,127.165561358273,226982.411351069,-0.00659559481651257
image_0929.jpg,1,165554,-0,0.68532256208707,33.6186240015503,163070.801355553,-0.00245715669293393
image_0932.jpg,1,179918,-0,0.765031150887819,98.0971063951605,198901.410602556,0.00451834765181673
image_0936.jpg,0,247136,-0,1,77.5621087100483,311029.897873988,0.00374922544662626
image_0939.jpg,1,230070,-0,0.725003493571828,44.8576631498044,152377.334874668,-0.00175146946495273
image_0940.jpg,1,211094,-0,0.196211411422837,43.7343232047483,146199.85808238,0.00249079249264668
image_0944.jpg,0,112182,-0,0.709693942886413,132.737366530682,177398.381071284,0.000408448864475327
image_0945.jpg,1,231353,-0,0.439459295261239,87.5176575247353,149903.505681659,-0.000619359999883393
image_0946.jpg,0,210064,0.29423875625094,0.207940944599728,41.6746267230464,124709.878377562,0.00230279295939532
image_0948.jpg,1,104908925,-0,0.831019748818795,10.3939556583819,148174.971566508,0.00915347912663513
image_0951.jpg,0,394904,-0,0.708352723083848,63.668426365992,304797.486400664,0.00450624617883998
image_0956.jpg,0,125212,-0,0.967239649447619,90.6983553306246,209039.935421702,-0.00505436078331844
image_0957.jpg,1,208785,-0,0.821307196454409,56.1693577461268,197613.531605286,0.00394447625882086
image_0959.jpg,0,212837,0.240857940599815,0.370668100804816,39.7188853349939,162620.650243584,-0.000649625811265459
image_0966.jpg,1,182791,-0,0.880432337530519,101.042202287878,230145.290574091,-0.00144643546247354
image_0974.jpg,1,90957,-0,0.661230359683613,33.0545109618592,141508.023168886,0.00595643756641062
image_0978.jpg,0,210755,0.30143807675409,0.43368200338345,59.6156115227906,165260.41683573,-0.00281493413297235
image_0981.jpg,0,92932,0.115761371231727,0.22822183245636,107.836976948133,132470.049028384,0.00977038614761223
image_0982.jpg,0,103902,-0,1,85.2709579373724,199333.718644821,-0.00101847606040439
image_0983.jpg,0,167374023,-0,1,74.8273983369369,316493.898750932,-0.00173041176292267
image_0987.jpg,0,119763,-0,0.99163179916318,46.6109634739342,145152.87495791,-0.00646349422003761
image_0993.jpg,1,92158304,0.0375587641387562,1,4.77181944139787,143666.084507569,0.0011411664711814
image_0994.jpg,0,194630,-0,0.235531309297913,58.3723238594175,163392.540530958,0.00213885813307852
image_0997.jpg,0,144183,0.267805147476191,0.303844949371934,47.4284352273913,136963.464448514,0.000836261687803337
image_1003.jpg,1,188186,-0,0.896273895899896,61.3244446106665,204362.65949317,-0.0017122864676554
image_1006.jpg,0,138211,0.187401638128314,0.389457411600766,58.3775039191778,145852.562526309,-0.00360512858723777
image_1007.jpg,1,230929,-0,1,89.4264519048365,249476.409123342,0.00513350260939792
image_1008.jpg,0,241731,-0,0.962839647119875,101.38130150493,264228.649801799,-0.00296462034961628
image_1009.jpg,1,225247,0.290364326409902,0.890269667929574,124.585772230889,213344.337951163,-0.00489267974792862
image_1011.jpg,0,223792,-0,0.216147657274213,66.051339726667,120792.426282138,-0.00409120448619283
image_1013.jpg,0,112279,-0,1,89.7401063762426,210460.787225272,-0.00201367979083874
image_1014.jpg,1,143462,-0,0.970959900997421,131.155357134053,245985.868050114,-0.000664294805427099
image_1018.jpg,0,171341,0.226770753545326,0.190633492643614,49.5505927279543,132661.460633911,-0.00386900772610507
image_1021.jpg,1,99933,0.0252549520963909,0.0803864394395546,84.0902503873189,153285.755675723,0.0027876693260427
image_1026.jpg,0,154466,-0,0.915504943548701,54.2379789265808,165638.487532304,0.00493009179714882
image_1027.jpg,1,201709,0.20998814938312,0.146645264847512,64.7637452340896,93041.4044351756,0.00223971852260667
image_1034.jpg,0,183380,0.243567203238923,0.222612309627321,72.7361496185711,161764.50749083,0.00800263790751224
image_1038.jpg,0,119162,-0,0.956448613152094,94.934233789493,195031.07837409,-0.00268284543049333
image_1043.jpg,1,122528,-0,0.815178376076968,46.8156810104725,173812.71375527,-0.0032594657333998
image_1044.jpg,1,99773,-0,0.742257206887432,63.9440570147966,213434.180957558,0.00269588319642697
image_1045.jpg,0,87902,0.257870621179434,0.0829143029602386,58.8756261170811,71104.640067909,-0.0032458962096181
image_1049.jpg,1,69523,0.00157604202869466,0.188053969232092,61.5530797389782,87738.3155622578,0.000240743414147721
image_1054.jpg,0,152318,-0,0.861441408030658,124.470033763685,252940.239689783,0.00428384996748851
image_1057.jpg,0,100773,-0,1,70.6600555281593,206048.724074895,0.00524083371096959
image_1058.jpg,1,123365,-0,0.975814546765383,40.4295150153897,192930.952785758,0.00239157326935581
image_1063.jpg,0,100479,-0,0.162637909237242,87.1106971716808,71771.8888624072,-0.00388278329590331
image_1066.jpg,0,380676,0.00780543067963641,0.536346180222192,61.1946577972843,210319.975412338,0.00705036745750773
image_1069.jpg,1,204290,0.481501708918647,0.262645933532009,84.5554326123946,176605.977325623,0.000638419735737339
image_1072.jpg,1,137556,-0,0.658058415421024,79.7583537288376,145392.114116634,0.00417511776898456
image_1075.jpg,1,63882879,-0,0.803658596413766,3.30596533829012,161786.601296467,-0.00941843054762055
image_1079.jpg,1,136104,-0,0.706534962046951,149.975478811642,170092.158511045,-0.00745506084448526
image_1081.jpg,1,136121,-0,0.730179295569895,104.291779948481,166516.102470982,-0.00181045359107272
image_1082.jpg,0,277486,-0,0.416705554651184,99.0061388753233,268111.234541605,0.0127538307930973
image_1085.jpg,1,130737,-0,0.578638245748117,46.7849324462266,141648.364786864,0.00124337312640107
image_1091.jpg,0,128847,-0,0.723489269528827,93.8751406369936,212673.492730728,-0.000312978812781372
image_1092.jpg,0,214390,-0,0.680221361061259,102.529045438997,222541.373942628,0.00103284038048611
image_1095.jpg,0,96486718,-0,0.909501094032427,71.2331117502319,329635.574646147,-0.00730955380581371
image_1099.jpg,0,99698,-0,0.945797185327798,109.060964878608,202123.711026196,0.00387438392437468
image_1100.jpg,0,205702,-0,0.856587935229793,99.5414781444528,273439.110881281,0.00598525153871356
image_1102.jpg,1,199101,0.217959868666575,0.314545656274271,41.2252756119948,166519.200045794,-0.00825936218311598
image_1103.jpg,0,156995,0.164405888792675,0.887257469120822,47.203534340712,179285.978956106,-0.0106261870912894
image_1109.jpg,1,142401,-0,0.891857168791632,78.363930046037,275031.647220523,-0.0102190168300744
image_1110.jpg,0,259209,-0,0.573071230090264,92.5151899711229,286308.65682033,-0.0121267837285388
image_1111.jpg,1,143409,-0,0.586587139540738,48.6896274438509,182643.135321016,0.00504686945895337
image_1112.jpg,1,179507,-0,1,64.9943904033434,224080.812950925,0.00566393520376278
image_1115.jpg,1,122886,-0,0.288607915239918,118.580680839601,154148.956508209,-0.0012673179531424
image_1116.jpg,1,153759,-0,0.720671662091649,114.361396740609,155115.080915134,-0.00242713124962576
image_1119.jpg,0,115537,-0,1,103.848700339042,225095.268302941,0.00433315921710122
image_1121.jpg,0,140349,-0,0.978189818962207,106.197133322176,268779.91405923,-0.00796222379430277
image_1123.jpg,0,173472,0.24742085343068,0.083037706553146,34.480644228545,61797.8883790713,0.000989858619815497
image_1124.jpg,1,167986,0.255823647357783,0.212315586914689,54.3886207909456,130824.178414851,0.00741476171617761
image_1128.jpg,0,355652,0.0314898780580792,0.5452653574101,48.4514506769826,207163.89504794,0.00239417556991777
image_1131.jpg,1,314030,-0,0.995147231585248,127.37066379854,230205.293316291,0.00591824616623401
image_1132.jpg,1,211476,0.489998965893349,0.715083533579644,129.518373588382,233440.20332216,-0.00887129167842695
image_1137.jpg,0,110954,-0,0.963223696630514,45.9924912763612,160981.889696893,0.0044069696074754
image_1140.jpg,1,173581,-0,0.995311379149688,99.1121793212593,217129.316937784,7.13159681975454e-05
image_1141.jpg,0,85965,-0,1,56.4253570636856,147743.948580326,0.00486539010408708
image_1148.jpg,1,205234,0.0257196057079493,0.311135115056013,88.6383409255313,160254.824627284,-0.000565692114815241
image_1149.jpg,0,145120,-0,0.41330169547643,71.028501662367,148916.258667739,-0.000845822493233121
image_1154.jpg,1,162067,0.12045548558307,0.710530058057216,55.2297495316471,149491.814798189,0.000627482274551411
image_1155.jpg,1,188545,0.126019506284939,0.99184779714806,35.4697234321253,220683.126597351,0.00432157428736942
image_1157.jpg,0,139295,-0,0.790578208458597,72.1888006771548,174038.938453009,-0.000413144854542657
image_1159.jpg,0,223989,-0,1,95.3935365224607,266187.062569783,0.00081379281457976
image_1162.jpg,1,164912,-0,0.759657974968567,91.0433694642813,202154.297633378,0.00264860167057544
image_1165.jpg,0,172795,-0,0.761918803471309,105.429461897917,188769.777925566,0.00257697067689691
image_1167.jpg,1,145735,-0,0.734099321919533,104.203248323806,166896.033944706,-0.00872363607605544
image_1169.jpg,1,244619,-0,0.413909010691346,93.6271121052308,153028.387891456,0.00566312017967612
image_1170.jpg,0,148047,-0,0.899924806427357,80.997608708906,192456.805040134,0.00300137928474578
image_1173.jpg,0,164470,-0,0.792248389394015,165.777210546364,354513.743585787,0.0140156097380451
image_1174.jpg,1,164215,0.00230714997417015,0.177034750450808,57.8765610195911,122729.835096848,-0.00735433448964229
image_1177.jpg,1,149974,-0,0.740867658776766,84.8475862799556,209008.339537067,-2.20395354017041e-05
image_1178.jpg,1,127114,-0,0.976862640299305,99.1647140566542,219022.923121618,-0.000296666264778483
image_1179.jpg,1,182400,-0,0.546673044042377,66.6047401494285,148289.39854177,0.00141397274116872
image_1182.jpg,0,127018,-0,0.939283180654514,78.6564366717046,216010.634717984,0.000919734537992303
image_1190.jpg,1,85744,0.266201428477077,0.0513672621379887,39.7091391645511,22936.8822888644,0.00206198714859288
image_1196.jpg,0,201321,-0,0.19733914657142,67.098672067524,116773.153251834,0.00147289409019614
image_1197.jpg,1,165186,-0,1,80.0061053304391,226034.752089399,-0.00155548268458806
image_1201.jpg,0,169808,-0,0.982781621136637,95.081204401105,219188.872557969,0.00149176825701741
image_1202.jpg,0,167591,-0,0.805960855690534,103.124443938859,210482.006004143,-0.0065237958736104
image_1203.jpg,1,150083,0.0629321649105145,0.383333222212592,42.3874269103322,134064.743512508,0.00312804290925104
image_1204.jpg,0,191760,-0,0.584928674257296,98.0470200235571,137648.109747513,-0.000134803102438027
image_1205.jpg,1,139382,-0,0.732251218126924,105.334952520452,171979.568919657,-0.000934995360739473
image_1207.jpg,1,105801,0.038699428531051,0.317269170176661,99.9076072982942,130303.193015223,-0.000741034296331348
image_1208.jpg,0,130439798,-0,1,8.33223750024519,184245.984014512,-0.00648568723111989
image_1211.jpg,0,121733,-0,1,104.227038100088,270734.904099997,0.00811858399367432
image_1217.jpg,0,132068,-0,1,58.2415858180525,177921.869933233,0.00735360157201001
image_1219.jpg,1,142205431,0.245558746820142,0.81459648354955,65.2913043713024,177220.817222932,-5.47753776735445e-06
image_1223.jpg,1,72538,0.254087571325403,0.0975752923646544,76.4294248269849,59643.1025698363,-0.000874478851037826
image_1224.jpg,1,151414,0.239447777206071,0.931443883608482,71.5779315102111,154982.295712997,0.00952682512535122
image_1225.jpg,0,132079,-0,0.725558458175614,56.6180625899664,164619.778743987,0.000278621336177468
image_1226.jpg,0,218941,-0,0.710114238205261,45.221209629633,171165.190424497,8.13028794664725e-06
image_1234.jpg,1,128000,-0,1,86.8978238125131,281500.947692662,-0.000491675053955901
image_1236.jpg,1,139496,0.0525468632577467,0.779501142257791,32.8585468182014,156530.607250888,0.000665487303983691
image_1237.jpg,1,134491,-0,0.697099306229098,53.761674590177,169958.479754119,-0.00157233498801909
image_1241.jpg,1,157188,-0,0.750789014308911,114.339796358128,171209.619578261,-0.00476977480289022
image_1244.jpg,1,65030,0.0182523315525191,0.375761354736178,83.9541856450889,107181.31193506,0.00694315397499464
image_1245.jpg,0,158015,-0,0.993765560713691,89.7995353616584,188497.88941592,-0.00103246674148697
image_1249.jpg,0,187014,-0,0.867118559242822,118.861812133389,294152.039123446,-0.0180776374682113
image_1252.jpg,1,100350,-0,1,208.381741311358,284228.142350015,0.0038772829201336
image_1253.jpg,0,142022,-0,1,186.619722320412,258572.221156941,-0.00167504117793155
image_1255.jpg,0,94468,-0,0.710453491560918,101.776383037072,151116.663323673,0.00349095609921569
image_1257.jpg,0,93906,-0,0.978707240684866,108.34931305588,208433.270819455,-0.0019290858035941
image_1258.jpg,1,167318,0.288554940943839,0.228642191491658,53.420841479065,127153.369829085,-3.80279707997378e-05
image_1260.jpg,1,101304,-0,0.636016004197822,65.1322314049587,145186.545450985,-0.00138771904276344
image_1267.jpg,1,174510,-0,0.784999971246686,103.203630968469,201439.963568988,0.00722800912665472
image_1270.jpg,0,168943,0.251500508332417,0.149814787808079,40.9314675427288,66303.6267675496,0.00154818624297643
image_1271.jpg,1,229233,-0,0.756334120761366,92.4148109515315,189586.688671523,-0.00359099578609231
image_1277.jpg,0,213798,-0,0.461402412679467,83.5596657932282,265446.806652239,0.00525893203997311
image_1281.jpg,0,123719,-0,0.720614161807107,120.945588660177,194368.138364472,0.000615751962753282
image_1283.jpg,1,142745,0.274180537515121,0.424255639415062,36.8057382411074,125725.169034393,-0.000238158682869515
image_1284.jpg,0,322606,0.106224597330651,0.960967179423304,77.7815874696394,358946.011646962,0.00266468125918829
image_1287.jpg,0,122608,-0,0.717521472942971,79.561806194075,143876.426082803,-0.00343203954469933
image_1291.jpg,0,186264,-0,0.348813498936868,42.220422751409,214328.019437249,0.00112556212979227
image_1293.jpg,0,127915,-0,0.967143602559525,116.977266360915,203644.173075424,-0.000529583667923522
image_1295.jpg,0,265066,0.105335132156392,0.131359641643076,44.2814860291582,185497.96488279,0.00254977763275003
image_1304.jpg,0,94709,-0,0.980959426109768,111.241168169979,207466.330545463,-0.00621421501941333
image_1306.jpg,1,218989,0.26851357891425,0.4041176605452,58.0845083339065,198529.862695175,0.00935417062275433
image_1307.jpg,0,93875,-0,1,87.4175265504836,218904.408992321,-0.00845329654517006
image_1309.jpg,0,140447,-0,0.526934175189989,77.4793297525856,150342.516799511,0.0013221010652383
image_1315.jpg,1,188552,-0,0.0476984295166113,42.1509196901536,55306.7388368413,-0.00251319011293047
image_1316.jpg,0,147643,0.238646943697717,0.293659259057959,47.1592760426928,151701.102020115,-0.00985323143997113
image_1318.jpg,1,135418,0.135134729904048,0.832351524582268,58.3369789929977,206771.102529593,0.00552696018725083
image_1322.jpg,0,210156,-0,1,51.9134987436586,268327.800340252,0.0113248609111285
image_1324.jpg,1,177195,-0,1,88.7692390491514,249172.762444279,-0.00864820333468692
image_1326.jpg,1,165879,-0,0.795409160746357,74.1723427681513,201944.921639778,-0.00388307175494466
image_1332.jpg,0,190766,0.35044167142095,0.593929774792114,58.97063491645,223302.954428875,0.00596950176257962
image_1336.jpg,0,169694,-0,0.427691014776945,96.7576284383072,205225.389496636,-0.00127662822111152
image_1337.jpg,0,259946,0.260132061581081,0.722000525884336,70.468694414799,189286.528080843,0.00387045496730323
image_1338.jpg,1,186258,0.40208747257982,0.415164069107815,76.4490930542013,154869.113199973,0.00235773505527074
image_1342.jpg,1,158936,-0,0.735383729906768,105.432259714869,186671.159450307,-0.00150981791446179
image_1347.jpg,0,99026,-0,1,86.3793237989841,184464.202602853,0.00501901662711169
image_1358.jpg,0,232720,0.327214859956004,0.7583123512572,67.9624262753078,213853.576955775,0.00175000229029503
image_1359.jpg,1,105359,-0,0.832569957976349,123.543903313027,165120.413744847,-0.0106075363120583
image_1362.jpg,1,165788,-0,0.460106366887105,74.5293113984402,161508.339822901,0.00675156777599949
image_1363.jpg,0,148137,-0,0.776426592234786,84.815340735873,182126.123177807,-0.00850794374633502
image_1364.jpg,0,134894,0.24131192486327,0.211123672388659,48.4306741439324,109785.16411628,0.00720205403920198
image_1367.jpg,0,121544,-0,0.964793779237415,86.6969353264151,294561.155334431,0.00833858431750615
image_1368.jpg,0,99448,-0,1,81.1660100648956,197653.088171794,0.00790239478720803
image_1369.jpg,0,209330,0.132630293961821,0.503150289155818,58.2514912965776,150312.712392465,0.00150280019320337
image_1371.jpg,0,109743,-0,0.40232737771137,70.4339780523014,117074.302139697,0.00557502553264522
image_1374.jpg,0,135442,0.353275481545865,0.185934896122653,38.1053216309299,77849.2124115226,-0.00113246219094277
image_1375.jpg,1,171128,-0,1,117.503964782125,311129.47695069,-0.00403633997524324
image_1376.jpg,0,192284,0.347080838736967,0.170176416730178,79.4171542713121,97078.9873082973,0.00176693219064371
image_1383.jpg,0,128342,0.0576193549984067,1,68.98140697629,180805.893507044,-0.00203226946207193
image_1389.jpg,0,142516,-0,0.95701481881681,97.1163798093621,266718.201435347,0.00819524750695416
image_1393.jpg,0,170289,-0,0.754254934477126,122.363224897445,189488.025525165,-0.0016981808242916
image_1397.jpg,0,133487,-0,0.877318988812284,104.339692400939,229804.038140377,0.00207441960269961
image_1400.jpg,1,176036,-0,0.754592509479857,108.591948468891,175963.405814964,-0.00146481256760814
image_1401.jpg,0,135867,-0,0.923141584484462,125.061974626064,219017.001625915,-0.00188052730043386
image_1405.jpg,1,156749,-0,0.981767334380785,115.404816819919,225362.995792314,-0.005594912244851
image_1406.jpg,0,158826,0.212159225820675,0.645330674223252,45.9495231904272,145389.990248302,0.00534410544426112
image_1408.jpg,1,161588,-0,0.751678974143584,68.3574725599695,189470.593173638,0.0029179033655219
image_1410.jpg,0,210313,0.252121398419333,0.2872572566359,75.6403411179923,142451.80580252,-0.00304942460962197
image_1412.jpg,0,179218,-0,0.869980783129493,81.8976687639014,199246.002469531,-0.00110490244412522
image_1413.jpg,0,223243,-0,0.718925218925219,69.3681003681004,161018.721884485,0.00388117495309016
image_1414.jpg,0,161859,0.252436083503101,0.284019085388524,63.5003160242905,142758.05587593,-0.00420356356517877
image_1415.jpg,0,111499,-0,0.960728666828482,53.3172638274302,198237.668596006,-0.00305292951537284
image_1417.jpg,0,198630,0.0134470290883908,0.624330922379414,32.2821826967303,168901.041988127,0.00740572933974981
image_1422.jpg,0,276258,0.115044187502237,0.875319490850655,74.8336611560933,251735.281364995,0.00156445463153115
image_1423.jpg,1,144549,0.253787249256376,0.0581005884786293,66.0756787141905,86157.8023380774,-0.00194338914917748
image_1433.jpg,1,210720,2.13344565910399e-05,0.698392724360808,106.894073290244,190925.923457582,0.00710287413615228
image_1434.jpg,1,147574,-0,0.918490393238061,70.203945736582,206332.886872244,-0.00200572105282749
image_1435.jpg,0,148143,-0,0.945762017479971,86.4937841122729,239263.574872089,-0.00331774634608069
image_1439.jpg,0,164405,-0,0.916997841180437,110.456342221676,283024.515438634,0.0122892332577474
image_1440.jpg,1,143004,-0,0.137781597200908,103.309007629818,161384.684239157,-0.00227960116286283
image_1441.jpg,1,162833,0.235052008979406,0.115985184109231,39.6488012412417,102403.307188857,0.00308909730142545
image_1443.jpg,1,202049,0.0348756530809393,0.676049966943874,51.1344067046771,180577.044272668,-0.00277947452421844
image_1446.jpg,0,216404,0.380716361719162,0.182784276980453,26.8644692042935,104523.521576036,0.000518114181009494
image_1450.jpg,1,178031,-0,0.762401172196953,94.4372500686834,160536.817975427,0.00205082957762361
image_1451.jpg,1,141128,0.0955955313253688,0.810126942158159,66.6166289962614,180503.056106833,0.000607062334799997
image_1454.jpg,1,211573,0.0872805888836333,0.448612509259435,44.094778628274,123682.231465286,0.00327409002904296
image_1458.jpg,1,110831,-0,0.381201967908936,90.1990803562816,115478.921696902,-0.000447710340313059
image_1462.jpg,1,132398,-0,0.564225433971664,70.7663343553734,126859.310113642,-0.00254525730438439
image_1463.jpg,1,178211,-0,0.93207923244972,62.2205975090651,212543.438764253,0.00212626261108116
image_1464.jpg,1,111167,-0,1,104.399621579036,277971.577626458,-0.0015187850626969
image_1471.jpg,1,147821,-0,1,137.975660166439,194493.648417685,0.00263154434776064
image_1481.jpg,0,323674,0.187908880568886,1,57.1307836834832,327079.99885582,-0.00237159411756047
image_1482.jpg,1,203127,-0,0.778147118238888,71.1381536379487,238020.304007411,0.018585699548058
image_1484.jpg,1,201547,-0,0.390761747174099,98.965261856821,117192.988180509,-0.00212538418646871
image_1488.jpg,0,137761,0.0947607421303716,0.979320467041994,58.799243502961,218920.730110276,0.00947493989904859
image_1495.jpg,1,237629,0.0208140534455054,0.791399604268489,81.8203903197984,155728.574428395,0.0018988481060101
image_1501.jpg,0,130574,-0,0.754276322568679,44.2781361416236,175634.835434893,-0.000190312411927489
image_1504.jpg,0,193416,0.236926316657023,0.298470738468247,67.1416824991435,138285.231145039,0.00389706028212966
image_1506.jpg,1,205189,0.0203209795839286,1,43.5154337765371,263716.363922107,0.00627000522008482
image_1512.jpg,0,208323,-0,0.63099873114202,110.082191119924,160170.567642943,-0.000687086628492266
image_1513.jpg,1,191116,0.105378122497302,0.839349289532551,49.4826190151125,206851.592999484,0.00601596542742507
image_1518.jpg,0,169334,0.14955619528722,0.224268765005871,83.7003461563582,99708.4429265582,-0.000662549686446123
image_1519.jpg,1,118640,-0,1,140.551501708383,209571.618017344,0.00922648249763183
image_1523.jpg,1,177813,-0,0.732930751348074,57.1453029201916,201184.568076824,-0.00176577613012841
image_1534.jpg,0,129863,-0,1,115.285624083535,280025.556462093,0.000752479555758582
image_1543.jpg,1,97468,-0,0.979231735648561,128.24460088295,194854.190776624,-0.00947763635610554
image_1545.jpg,1,180227,-0,0.137509743544384,42.5511389908691,118382.710237103,-0.00413193953887408
image_1546.jpg,0,90087,-0,1,70.9950068963392,177140.448367868,-0.00392049526789779
image_1547.jpg,0,176467,-0,0.814890788008273,108.265563561152,187260.132502986,0.00104670161801344
image_1548.jpg,0,140530,-0,0.96482309107022,101.042876473447,225752.761232422,-0.00541117387682314
image_1551.jpg,0,139054,-0,0.964875720188349,79.7529186106043,223921.32733739,0.0151274506461988
image_1552.jpg,0,180044,0.232873540536162,0.422929332366557,74.7028333984048,136733.372742789,0.000354729450459597
image_1554.jpg,1,111596,-0,0.856842277158075,57.845901165712,150177.696883972,0.00122726318071419
image_1555.jpg,0,186912,-0,0.170766934410034,94.3036542674284,133709.757431261,0.00558521258539014
image_1556.jpg,0,141473,-0,1,130.731379659385,291129.134135407,-0.00506217689906639
image_1559.jpg,1,123081,-0,0.723455504198945,80.3196948983356,153043.87105431,0.00179727409972512
image_1560.jpg,0,142453,-0,0.94713060151277,66.5999901310456,191903.750275177,0.0106287398050442
image_1564.jpg,1,160384,-0,0.115788007798512,26.5899966873671,70227.6207990534,-0.000288037496255112
image_1565.jpg,1,150226,-0,0.750468950759051,63.1719202582251,170022.667809286,0.00412069289140595
image_1567.jpg,1,91021,0.405706693176247,0.185147137157704,125.272521714553,161659.455880837,0.00410821708716762
image_1570.jpg,1,139801,0.253603391974093,0.360520535752738,91.6705235504386,162187.204089836,-0.00393190401977444
